{
  "timestamp": "2025-10-23T04:52:55.114479",
  "volatility": 0.018795193679136072,
  "sharpe": -0.8489007201583307,
  "var_95": -0.0020118089297399225,
  "max_drawdown": -0.027548672636538037
}