{
  "timestamp": "2025-10-23T09:55:14.835219",
  "volatility": 0.019557530150308682,
  "sharpe": -0.7572600172928363,
  "var_95": -0.0019127768568299806,
  "max_drawdown": -0.02822467096168037
}