{
  "timestamp": "2025-10-23T09:55:33.238170",
  "volatility": 0.01845284807224119,
  "sharpe": 1.0726021557482281,
  "var_95": -0.0018979295537386372,
  "max_drawdown": -0.022946499548173346
}